"0","byECO9_HNLChlorophyll_sites <- byECO9_HNLChlorophyll_sites %>%"
"0","  left_join("
"0","    HNLC_data %>% select(SITE_ID, COMID, HUC8),"
"0","    by = ""SITE_ID"")"
"2","Warning: Detected an unexpected many-to-many relationship between `x` and `y`."
"0","byECO9_HNLChlorophyll_sites <- byECO9_HNLChlorophyll_sites %>%"
"0","  mutate(HUC8_clean = sub(""^H"", """", HUC8))"
"1","[1m[33mError[39m in `mutate()`:[22m
[38;5;232m[36mℹ[38;5;232m In argument: `HUC8_clean = sub(""^H"", """", HUC8)`.[39m
[1mCaused by error:[22m
[33m![39m object 'HUC8' not found
Backtrace:
[90m  1. [39mbyECO9_HNLChlorophyll_sites %>% ...
[90m  9. [39m[1mbase[22m::sub(""^H"", """", HUC8)
[90m 10. [39mbase::is.factor(x)
"
