"0","unique(HNLC_data$AG_ECO9_NM)"
"1","[1]"
"1"," ""Southern Plains""      "
"1"," ""Temperate Plains""     "
"1"," ""Coastal Plains""       "
"1"," ""Upper Midwest""        "
"1","
"
"1","[5]"
"1"," ""Southern Appalachians"""
"1"," ""Northern Appalachians"""
"1"," ""Western Mountains""    "
"1"," ""Northern Plains""      "
"1","
"
"1","[9]"
"1"," ""Xeric""                "
"1","
"
"0","unique(HNLC_data$AG_ECO9)"
"1","[1]"
"1"," ""SPL"""
"1"," ""TPL"""
"1"," ""CPL"""
"1"," ""UMW"""
"1"," ""SAP"""
"1"," ""NAP"""
"1"," ""WMT"""
"1"," ""NPL"""
"1"," ""XER"""
"1","
"
"0","#split into 9 ecoreigns "
"0","SPL <- subset(HNLC_data, AG_ECO9 == ""SPL"") #southern plains "
"0","TPL <- subset(HNLC_data, AG_ECO9 == ""TPL"") #temperate plains"
"0","CPL <- subset(HNLC_data, AG_ECO9 == ""CPL"") #Coastal Plains "
"0","UMW <- subset(HNLC_data, AG_ECO9 == ""UMW"") #upper midwest"
"0","SAP <- subset(HNLC_data, AG_ECO9 == ""SAP"") #Southern Appalachians"
"0","NAP <- subset(HNLC_data, AG_ECO9 == ""NAP"") #Northern Appalachians"
"0","WMT <- subset(HNLC_data, AG_ECO9 == ""WMT"") #Western Mountains"
"0","NPL <- subset(HNLC_data, AG_ECO9 == ""NPL"") #Northern Plains"
"0","XER <- subset(HNLC_data, AG_ECO9 == ""XER"") #Xeric"
"0",""
"0","#find high nutrients and low chrollyphl/ low perphyton for each ECOreign 9 ----"
"0",""
"0",""
"0","##Southern Plains SPL ----"
"0","# determine sites with High nutrients low chlorophyll"
"0","# Calculate thresholds (top quartile nutrients, bottom quartile chlorophyll/periphyton)"
"0","P75_SPL <- quantile(SPL$PTL_RESULT, 0.75, na.rm = TRUE)"
"0","N75_SPL <- quantile(SPL$NTL_RESULT, 0.75, na.rm = TRUE)"
"0","C25_SPL <- quantile(SPL$CHLA_RESULT, 0.25, na.rm = TRUE)"
"0","# sites with low chlorophyll and periphyton"
"0","low_chl_sites_SPL <- SPL %>% dplyr::filter(CHLA_RESULT <= C25_SPL)"
"0","# classify nutrient conditions for chlorophyll sites"
"0","HNLChlorophyll_sites_SPL <- low_chl_sites_SPL %>%"
"0","  dplyr::mutate("
"0","    nutrient_group = dplyr::case_when("
"0","      PTL_RESULT >= P75_SPL & NTL_RESULT >= N75_SPL ~ ""High N + High P"","
"0","      PTL_RESULT >= P75_SPL & NTL_RESULT < N75_SPL ~ ""High P only"","
"0","      NTL_RESULT >= N75_SPL & PTL_RESULT < P75_SPL ~ ""High N only"","
"0","      TRUE ~ NA_character_"
"0","    )"
"0","  ) %>%"
"0","  dplyr::filter(!is.na(nutrient_group))"
"0",""
"0",""
"0","## Temperate plains TPL ----"
"0","# determine sites with High nutrients low chlorophyll"
"0","# Calculate thresholds (top quartile nutrients, bottom quartile chlorophyll/periphyton)"
"0","P75_TPL <- quantile(TPL$PTL_RESULT, 0.75, na.rm = TRUE)"
"0","N75_TPL <- quantile(TPL$NTL_RESULT, 0.75, na.rm = TRUE)"
"0","C25_TPL <- quantile(TPL$CHLA_RESULT, 0.25, na.rm = TRUE)"
"0",""
"0","# sites with low chlorophyll and periphyton"
"0","low_chl_sites_TPL <- TPL %>% dplyr::filter(CHLA_RESULT <= C25_TPL)"
"0",""
"0","# classify nutrient conditions for chlorophyll sites"
"0","HNLChlorophyll_sites_TPL <- low_chl_sites_TPL %>%"
"0","  dplyr::mutate("
"0","    nutrient_group = dplyr::case_when("
"0","      PTL_RESULT >= P75_TPL & NTL_RESULT >= N75_TPL ~ ""High N + High P"","
"0","      PTL_RESULT >= P75_TPL & NTL_RESULT < N75_TPL ~ ""High P only"","
"0","      NTL_RESULT >= N75_TPL & PTL_RESULT < P75_TPL ~ ""High N only"","
"0","      TRUE ~ NA_character_"
"0","    )"
"0","  ) %>%"
"0","  dplyr::filter(!is.na(nutrient_group))"
"0",""
"0","##Coastal plains CPL----"
"0","# determine sites with High nutrients low chlorophyll"
"0","# Calculate thresholds (top quartile nutrients, bottom quartile chlorophyll/periphyton)"
"0","P75_CPL <- quantile(CPL$PTL_RESULT, 0.75, na.rm = TRUE)"
"0","N75_CPL <- quantile(CPL$NTL_RESULT, 0.75, na.rm = TRUE)"
"0","C25_CPL <- quantile(CPL$CHLA_RESULT, 0.25, na.rm = TRUE)"
"0","# sites with low chlorophyll and periphyton"
"0","low_chl_sites_CPL <- CPL %>% dplyr::filter(CHLA_RESULT <= C25_CPL)"
"0",""
"0","# classify nutrient conditions for chlorophyll sites"
"0","HNLChlorophyll_sites_CPL <- low_chl_sites_CPL %>%"
"0","  dplyr::mutate("
"0","    nutrient_group = dplyr::case_when("
"0","      PTL_RESULT >= P75_CPL & NTL_RESULT >= N75_CPL ~ ""High N + High P"","
"0","      PTL_RESULT >= P75_CPL & NTL_RESULT < N75_CPL ~ ""High P only"","
"0","      NTL_RESULT >= N75_CPL & PTL_RESULT < P75_CPL ~ ""High N only"","
"0","      TRUE ~ NA_character_"
"0","    )"
"0","  ) %>%"
"0","  dplyr::filter(!is.na(nutrient_group))"
"0",""
"0",""
"0",""
"0",""
"0","##Upper Midwest UMW ----"
"0","# determine sites with High nutrients low chlorophyll"
"0","# Calculate thresholds (top quartile nutrients, bottom quartile chlorophyll/periphyton)"
"0","P75_UMW <- quantile(UMW$PTL_RESULT, 0.75, na.rm = TRUE)"
"0","N75_UMW <- quantile(UMW$NTL_RESULT, 0.75, na.rm = TRUE)"
"0","C25_UMW <- quantile(UMW$CHLA_RESULT, 0.25, na.rm = TRUE)"
"0",""
"0","# sites with low chlorophyll and periphyton"
"0","low_chl_sites_UMW <- UMW %>% dplyr::filter(CHLA_RESULT <= C25_UMW)"
"0",""
"0","# classify nutrient conditions for chlorophyll sites"
"0","HNLChlorophyll_sites_UMW <- low_chl_sites_UMW %>%"
"0","  dplyr::mutate("
"0","    nutrient_group = dplyr::case_when("
"0","      PTL_RESULT >= P75_UMW & NTL_RESULT >= N75_UMW ~ ""High N + High P"","
"0","      PTL_RESULT >= P75_UMW & NTL_RESULT < N75_UMW ~ ""High P only"","
"0","      NTL_RESULT >= N75_UMW & PTL_RESULT < P75_UMW ~ ""High N only"","
"0","      TRUE ~ NA_character_"
"0","    )"
"0","  ) %>%"
"0","  dplyr::filter(!is.na(nutrient_group))"
"0",""
"0","##Southern Appalachians SAP ----"
"0","# determine sites with High nutrients low chlorophyll"
"0","# Calculate thresholds (top quartile nutrients, bottom quartile chlorophyll/periphyton)"
"0","P75_SAP <- quantile(SAP$PTL_RESULT, 0.75, na.rm = TRUE)"
"0","N75_SAP <- quantile(SAP$NTL_RESULT, 0.75, na.rm = TRUE)"
"0","C25_SAP <- quantile(SAP$CHLA_RESULT, 0.25, na.rm = TRUE)"
"0",""
"0","# sites with low chlorophyll and periphyton"
"0","low_chl_sites_SAP <- SAP %>% dplyr::filter(CHLA_RESULT <= C25_SPL)"
"0",""
"0","# classify nutrient conditions for chlorophyll sites"
"0","HNLChlorophyll_sites_SAP <- low_chl_sites_SAP %>%"
"0","  dplyr::mutate("
"0","    nutrient_group = dplyr::case_when("
"0","      PTL_RESULT >= P75_SAP & NTL_RESULT >= N75_SAP ~ ""High N + High P"","
"0","      PTL_RESULT >= P75_SAP & NTL_RESULT < N75_SAP ~ ""High P only"","
"0","      NTL_RESULT >= N75_SAP & PTL_RESULT < P75_SAP ~ ""High N only"","
"0","      TRUE ~ NA_character_"
"0","    )"
"0","  ) %>%"
"0","  dplyr::filter(!is.na(nutrient_group))"
"0",""
"0",""
"0","##Northern Appalachians NAP ----"
"0","# determine sites with High nutrients low chlorophyll"
"0","# Calculate thresholds (top quartile nutrients, bottom quartile chlorophyll/periphyton)"
"0","P75_NAP <- quantile(NAP$PTL_RESULT, 0.75, na.rm = TRUE)"
"0","N75_NAP <- quantile(NAP$NTL_RESULT, 0.75, na.rm = TRUE)"
"0","C25_NAP <- quantile(NAP$CHLA_RESULT, 0.25, na.rm = TRUE)"
"0",""
"0","# sites with low chlorophyll and periphyton"
"0","low_chl_sites_NAP <- NAP %>% dplyr::filter(CHLA_RESULT <= C25_NAP)"
"0",""
"0","# classify nutrient conditions for chlorophyll sites"
"0","HNLChlorophyll_sites_NAP <- low_chl_sites_NAP %>%"
"0","  dplyr::mutate("
"0","    nutrient_group = dplyr::case_when("
"0","      PTL_RESULT >= P75_NAP & NTL_RESULT >= N75_NAP ~ ""High N + High P"","
"0","      PTL_RESULT >= P75_NAP & NTL_RESULT < N75_NAP ~ ""High P only"","
"0","      NTL_RESULT >= N75_NAP & PTL_RESULT < P75_NAP ~ ""High N only"","
"0","      TRUE ~ NA_character_"
"0","    )"
"0","  ) %>%"
"0","  dplyr::filter(!is.na(nutrient_group))"
"0",""
"0",""
"0","##Western Mountains WMT----"
"0","# determine sites with High nutrients low chlorophyll"
"0","# Calculate thresholds (top quartile nutrients, bottom quartile chlorophyll/periphyton)"
"0","P75_WMT <- quantile(WMT$PTL_RESULT, 0.75, na.rm = TRUE)"
"0","N75_WMT <- quantile(WMT$NTL_RESULT, 0.75, na.rm = TRUE)"
"0","C25_WMT <- quantile(WMT$CHLA_RESULT, 0.25, na.rm = TRUE)"
"0",""
"0","# sites with low chlorophyll and periphyton"
"0","low_chl_sites_WMT <- WMT %>% dplyr::filter(CHLA_RESULT <= C25_WMT)"
"0",""
"0","# classify nutrient conditions for chlorophyll sites"
"0","HNLChlorophyll_sites_WMT <- low_chl_sites_WMT %>%"
"0","  dplyr::mutate("
"0","    nutrient_group = dplyr::case_when("
"0","      PTL_RESULT >= P75_WMT & NTL_RESULT >= N75_WMT ~ ""High N + High P"","
"0","      PTL_RESULT >= P75_WMT & NTL_RESULT < N75_WMT ~ ""High P only"","
"0","      NTL_RESULT >= N75_WMT & PTL_RESULT < P75_WMT ~ ""High N only"","
"0","      TRUE ~ NA_character_"
"0","    )"
"0","  ) %>%"
"0","  dplyr::filter(!is.na(nutrient_group))"
"0",""
"0",""
"0","##Northern Plains NPL ----"
"0","# determine sites with High nutrients low chlorophyll"
"0","# Calculate thresholds (top quartile nutrients, bottom quartile chlorophyll/periphyton)"
"0","P75_NPL <- quantile(NPL$PTL_RESULT, 0.75, na.rm = TRUE)"
"0","N75_NPL <- quantile(NPL$NTL_RESULT, 0.75, na.rm = TRUE)"
"0","C25_NPL <- quantile(NPL$CHLA_RESULT, 0.25, na.rm = TRUE)"
"0",""
"0","# sites with low chlorophyll and periphyton"
"0","low_chl_sites_NPL <- NPL %>% dplyr::filter(CHLA_RESULT <= C25_NPL)"
"0",""
"0","# classify nutrient conditions for chlorophyll sites"
"0","HNLChlorophyll_sites_NPL <- low_chl_sites_NPL %>%"
"0","  dplyr::mutate("
"0","    nutrient_group = dplyr::case_when("
"0","      PTL_RESULT >= P75_NPL & NTL_RESULT >= N75_NPL ~ ""High N + High P"","
"0","      PTL_RESULT >= P75_NPL & NTL_RESULT < N75_NPL ~ ""High P only"","
"0","      NTL_RESULT >= N75_NPL & PTL_RESULT < P75_NPL ~ ""High N only"","
"0","      TRUE ~ NA_character_"
"0","    )"
"0","  ) %>%"
"0","  dplyr::filter(!is.na(nutrient_group))"
"0",""
"0",""
"0",""
"0","##Xeric XER ----"
"0","# determine sites with High nutrients low chlorophyll"
"0","# Calculate thresholds (top quartile nutrients, bottom quartile chlorophyll/periphyton)"
"0","P75_XER <- quantile(XER$PTL_RESULT, 0.75, na.rm = TRUE)"
"0","N75_XER <- quantile(XER$NTL_RESULT, 0.75, na.rm = TRUE)"
"0","C25_XER <- quantile(XER$CHLA_RESULT, 0.25, na.rm = TRUE)"
"0",""
"0","# sites with low chlorophyll and periphyton"
"0","low_chl_sites_XER <- XER %>% dplyr::filter(CHLA_RESULT <= C25_XER)"
"0",""
"0","# classify nutrient conditions for chlorophyll sites"
"0","HNLChlorophyll_sites_XER <- low_chl_sites_XER %>%"
"0","  dplyr::mutate("
"0","    nutrient_group = dplyr::case_when("
"0","      PTL_RESULT >= P75_XER & NTL_RESULT >= N75_XER ~ ""High N + High P"","
"0","      PTL_RESULT >= P75_XER & NTL_RESULT < N75_XER ~ ""High P only"","
"0","      NTL_RESULT >= N75_XER & PTL_RESULT < P75_XER ~ ""High N only"","
"0","      TRUE ~ NA_character_"
"0","    )"
"0","  ) %>%"
"0","  dplyr::filter(!is.na(nutrient_group))"
"0",""
"0","#Mapping EcoRegions 9 ----"
"0",""
"0","##southern plains SPL ----"
"0","#Chlorophyll list "
"0","HNLChlorophyll_sites_list_SPL <- HNLChlorophyll_sites_SPL %>%"
"0","  dplyr::select("
"0","    SITE_ID, LAT_DD83, LON_DD83,"
"0","    PTL_RESULT, NTL_RESULT, CHLA_RESULT,"
"0","    nutrient_group"
"0","  )"
"0","table(HNLChlorophyll_sites_list_SPL$nutrient_group)"
"1","
"
"1","High N + High P "
"1","    High N only "
"1","    High P only "
"1","
"
"1","              6 "
"1","              4 "
"1","              7 "
"1","
"
"0","#chlorphyll map "
"0","ggplot() +"
"0","  geom_polygon(data = us_states,"
"0","               aes(x = long, y = lat, group = group),"
"0","               fill = ""white"","
"0","               color = ""black"","
"0","               linewidth = 0.2) +"
"0","  geom_point(data = HNLChlorophyll_sites_list_SPL,"
"0","             aes(x = LON_DD83, y = LAT_DD83, color = nutrient_group),"
"0","             size = 1) +"
"0","  coord_fixed(1.3) +"
"0","  ggtitle(""Southern Plains - HNLC Chlorophyll Sites"") +"
"0","  theme_minimal() +"
"0","  theme(legend.position = ""bottom"")"
